﻿original_title,least_earned_total_revenue,most_earned_total_revenue,id,imdb_id,popularity,budget,revenue,cast,homepage,director,tagline,keywords,overview,runtime,genres,production_companies,release_date,vote_count,vote_average,release_year,budget_adj,revenue_adj,total_budget,third_highest_budget,third_lowest_budget,average_runtime
Wild Card,0.0,,,,,,,,,,,,,,,,,,,,,,,,,
Avatar,,5608629597.41189,,,,,,,,,,,,,,,,,,,,,,,,
Pirates of the Caribbean: At World's End,,,285.0,tt0449088,4.965391,300000000.0,961000000.0,Johnny Depp|Orlando Bloom|Keira Knightley|Geoffrey Rush|Bill Nighy,http://disney.go.com/disneypictures/pirates/,Gore Verbinski,"At the end of the world, the adventure begins.",ocean|drug abuse|exotic island|east india trading company|love of one's life,"Captain Barbossa, long believed to be dead, has come back to life and is headed to the edge of the Earth with brave Will Turner and feisty Elizabeth Swann. And what of Jack Sparrow? Nothing is as it seems.",169.0,Adventure|Fantasy|Action,Walt Disney Pictures|Jerry Bruckheimer Films|Second Mate Productions,5/19/07,2626.0,6.8,2007.0,315500574.789463,1010653507.9089099,615500574.789463,3.0,,
"Angus, Thongs and Perfect Snogging",,,12689.0,tt0963743,0.472691,1.0,0.0,Georgia Groome|Eleanor Tomlinson|Aaron Taylor-Johnson|Tommy Bastow|Alan Davies,http://www.angusthongsmovie.com/intl/uk/,Gurinder Chadha,"Georgia Nicholson is not mental, but her life is.",adolescence|parents kids relationship|becoming an adult|puberty|move,"Georgia Nicolson is fourteen, lives with nosey parents who don't understand her, an annoying three year old sister and has to wear a beret to school. She would, however, rather be blonde, have a smaller nose and a boyfriend. Revolving around her hilarious journal entries, prepare to be engulfed in the world of the soaring joys and bottomless angst of being a teenager.",100.0,Comedy|Drama|Family|Romance,Paramount Pictures|Nickelodeon Movies|Stella-del-SÃ¼d,7/25/08,146.0,6.5,2008.0,1.01278663380916,0.0,2.01278663380916,,3.0,
,,,,,,,,,,,,,,,,,,,,,,,,,,101.68382352941177
